"#","Platform","Source","Source URL","Core Complaint","Urgency (1-10)","Willingness to Pay","How MiAmar Helps","What MiAmar Is Missing","Suggested Response"
"1","Reddit r/productmarketing","Cited in prospeo.io & dev.to","https://prospeo.io/s/battle-card-template","Perfect battlecard sits in shared drive — reps still ping me with the exact questions it answers","9","Yes","MiAmar auto-generates sales battlecards with elevator pitch, objection handling, and talk tracks that self-update daily. Slack integration means reps get intel where they already work — no shared drive digging.","CRM-embedded battlecards (e.g. surface the card inside Salesforce/HubSpot deal view so reps don't need to leave their workflow)","Hey — PMM here too, dealt with this exact problem. The issue isn't the battlecard quality, it's the delivery. Reps won't open a Google Doc mid-call. We switched to a tool that pushes updated cards into Slack and it changed everything. Happy to share what worked if helpful."
"2","Reddit r/sales","Cited in prospeo.io CI comparison","https://prospeo.io/s/crayon-vs-klue","Klue still requires manual battlecard updates despite paying $18K+/year; limited customization","7","Yes","MiAmar battlecards update automatically from monitored data sources (LinkedIn, news, funding, job postings). No manual curation needed — AI generates and refreshes the content daily.","Custom battlecard templates/layouts (letting teams control structure and sections to match their specific sales methodology)","We evaluated Klue too and hit the same wall — it's a great aggregator but you're still the one connecting the dots. We moved to a newer tool that auto-generates the cards from live data. The manual update cycle dropped to near zero. DM me if you want the name."
"3","Reddit r/sales (via Segment8)","blog.segment8.com","https://blog.segment8.com/posts/competitive-intelligence-tools-klue-crayon-manual/","Paying $18K/yr for Klue, spending MORE time (12 hrs/week vs 8 manually). Reps said Salesforce integration was slow, prefer Slack.","10","Yes","MiAmar's Slack integration delivers intel where reps already are. Daily automated monitoring replaces the 12hrs/week of manual research. No Salesforce dependency — works through Slack, HubSpot, Monday.com, and email digests.","Native Salesforce integration (many enterprise sales teams live in SFDC); win/loss analysis built in","That 12 hrs/week number is painful — we had a similar experience. The problem with Klue is it centralizes intel but still expects you to manually maintain it. We switched to something that monitors competitors automatically and pushes updates to Slack. Time dropped to ~1 hr/week of review. Happy to share details."
"4","Reddit r/ProductManagement","kompyte.com survey","https://www.kompyte.com/blog/how-much-time-competitive-intelligence","No dedicated CI person; PMM/PM handles it ad-hoc with Google Alerts and manual Googling. 15-20 hrs/week.","8","Maybe","MiAmar is built for exactly this — PMMs and PMs without a CI team. Add competitors by LinkedIn URL, monitoring starts immediately. AI handles the daily research, you get a weekly newsletter digest + real-time signal feed.","Guided onboarding for solo PMMs (templates, suggested competitors, industry benchmarks to make first-time setup even faster)","I was in the same boat — one-person PMM team, no CI budget, drowning in tabs. Google Alerts was useless. I found a tool that monitors LinkedIn activity, news, funding, and job postings automatically and sends me a weekly digest. Setup took 2 minutes. Changed my workflow completely. Happy to share."
"5","Blog (PMM practitioner)","blog.segment8.com","https://blog.segment8.com/posts/competitive-intelligence-tools-klue-crayon-manual/","Tried both Crayon ($15K) and Klue ($18K) — both disappointed. Reps still preferred Slack over both tools.","9","Yes","MiAmar costs a fraction of Klue/Crayon and delivers intel through Slack natively. Auto-generated battlecards, event intelligence, and prospect cards — no manual curation overhead.","ROI dashboard showing time saved vs. manual research (helps justify the tool to leadership and prove value vs. Klue/Crayon)","I've been through this exact evaluation cycle. The fundamental issue with Klue and Crayon is they're built as platforms that require a dedicated CI person to feed them. If you're a PMM doing CI as 20% of your job, you need something that runs on autopilot. There are newer tools purpose-built for this. Happy to compare notes."
"6","Medium (Feb 2026)","medium.com/@tdoherty_96508","https://medium.com/@tdoherty_96508/the-30-minute-battlecard-58fe3a74b1da","150-300 hours/year maintaining battlecards on 5 competitors with quarterly refresh cycle. Bouncing between G2, press releases, and LinkedIn stalking.","9","Yes","MiAmar eliminates the manual refresh cycle entirely. Battlecards auto-update from daily monitoring of LinkedIn, news, funding, and job postings. Competitor cards include AI-generated overview, recent moves, strengths vs. your advantages.","G2/review site monitoring (pulling competitor review trends and sentiment changes into the intelligence feed)","This resonates hard. The quarterly refresh cycle is broken by design — competitors don't wait for your schedule. We moved to continuous monitoring with auto-updating cards. The LinkedIn stalking + G2 tabs + press releases workflow collapsed into a single daily digest. 150 hours/year to maybe 20."
"7","DEV Community","dev.to/paultowers","https://dev.to/paultowers/your-sales-battlecards-suck-heres-how-to-fix-them-35o1","Rep froze on a competitive call, $50K deal flatlined. The people making the battlecards aren't the ones using them.","8","Yes","MiAmar bridges this gap — AI meeting prep generates a 60-second brief for any meeting type (19+ supported). Reps get the specific competitive context they need for THAT call, not a generic 10-page doc.","Call-specific competitive briefs (auto-pull the specific competitor mentioned in the CRM opportunity and generate a tailored one-pager before the call)","The disconnect between PMM and sales on battlecards is real. The fix isn't better cards — it's better delivery. Reps need the right intel at the right moment, not a 10-page PDF they'll never open. AI meeting prep that generates a 60-second brief before each call is what actually moves the needle."
"8","Blog (Octopus Intelligence)","octopusintelligence.com","https://www.octopusintelligence.com/outdated-battle-cards-are-frighteningly-all-some-experience-competitive-intelligence-but-why/","Sales rep: It's six months out of date, the content is of no use to me. Brand approval processes take 6 weeks — card is stale before it ships.","8","Yes","MiAmar battlecards update automatically with no approval bottleneck — they're generated from live data. The weekly newsletter provides a curated summary so the whole team stays current without formal review cycles.","Approval workflow for regulated industries (optional review gate before cards go live, for teams that need compliance sign-off)","The 6-week approval cycle kills any CI program. By the time legal and brand sign off, the competitor has already shipped their next release. The answer is automated cards that update continuously from public data — no approval needed because the source material is all public."
"9","Crayon survey + PMM forums","crayon.co/state-of-ci","https://www.crayon.co/blog/the-state-of-competitive-intelligence-in-2024-ci-meets-ai","58% of CI professionals say keeping battlecards and content updated is their biggest struggle","9","Yes","MiAmar's core value prop: battlecards that never go stale. Daily monitoring of LinkedIn posts, profiles, news, funding, and job postings feeds into auto-generated cards with elevator pitch, why-we-win, objection handling, and recent moves.","Version history / change log on battlecards (show what changed since last time the rep viewed it, so they can quickly scan updates)","If 58% of CI pros struggle with freshness, the answer isn't try harder — it's automation. Self-updating battlecards that pull from daily monitoring data mean the freshness problem disappears entirely. The PMM's job shifts from data entry to strategy."
"10","Crayon 2024 report","crayon.co","https://www.crayon.co/blog/the-state-of-competitive-intelligence-in-2024-ci-meets-ai","58% can't gather competitive intel in a timely manner — even with dedicated CI teams","8","Yes","MiAmar monitors 24/7 automatically — LinkedIn company posts, profiles, news, press, funding rounds, and job postings. AI classifies events by type and extracts key takeaways. Data refreshes daily.","Real-time alerting for high-priority events (push notification when a competitor raises funding or launches a product, not just daily digest)","Timeliness is the whole game in CI. A competitor funding announcement you learn about 2 weeks late is useless. Automated daily monitoring with AI classification turns reactive scrambling into proactive awareness. The data comes to you."
"11","Kompyte/AriseGTM","kompyte.com blog","https://arisegtm.com/blog/competitive-intelligence-automation-2026-playbook","Without tooling, PMMs spend 15-20 hrs/week on CI. 50-person sales org loses $400K+/year in labor to manual competitor research.","9","Yes","MiAmar automates the research layer entirely. Add companies by LinkedIn URL or name, monitoring starts immediately. The weekly newsletter and daily signal feed replace hours of manual research with a 10-minute daily review.","ROI calculator on the website (let prospects input team size and see estimated time/money savings — powerful for budget justification)","The $400K/year number in lost labor is real and most teams don't even realize it. When you add up every rep Googling a competitor before a call, every PMM manually updating a deck, every AE asking what do we know about X in Slack — it compounds fast. Automated CI tools pay for themselves in week one."
"12","Prospeo/Segment8","prospeo.io, segment8.com","https://prospeo.io/s/best-competitive-intelligence-tools","Klue/Crayon cost $20K-$40K/year — completely inaccessible to startups, SMBs, and teams without dedicated CI budget","10","Yes","MiAmar is purpose-built for PMMs and PMs at companies that can't justify $30K/year for Klue. Full CI platform — battlecards, event intelligence, prospect cards, integrations — at a fraction of the enterprise price.","Transparent public pricing page (showing clear tiers so prospects can self-qualify without a sales call — key differentiator vs. Klue/Crayon hidden pricing)","The $30K/year pricing wall locks out 90% of companies that need CI. Most PMMs at Series A-C startups are doing CI manually because the real tools are enterprise-only. There are newer tools built specifically for this gap — full CI automation at startup-friendly pricing."
"13","ChampSignal/ForumScout","champsignal.com, forumscout.app","https://champsignal.com/blog/google-alerts-alternative","Google Alerts: inconsistent delivery, slow (24hr delay), noisy results, misses Reddit/social/podcasts entirely","7","Maybe","MiAmar replaces Google Alerts with purpose-built competitor monitoring. Tracks LinkedIn posts, profiles, news, funding, and job postings with AI classification — far more comprehensive and less noisy than Google Alerts.","Monitoring of Reddit, podcasts, YouTube, and other social channels beyond LinkedIn (broader signal coverage for teams that care about community sentiment)","Google Alerts was designed for general web mentions, not competitive intelligence. It misses social, has a 24-hour delay, and floods you with irrelevant results. Purpose-built CI tools monitor the specific channels that matter (LinkedIn activity, job postings, funding, news) and filter signal from noise with AI."
"14","Blog (Branding5)","branding5.com","https://www.branding5.com/pmm-sales-the-alliance-that-closes-deals","Sales rep lost a major deal because battlecard didn't reflect a new competitor integration. 65% of sales content goes unused.","9","Yes","MiAmar's event intelligence catches competitor product launches and integrations in real-time from LinkedIn and news monitoring. Battlecards auto-update to reflect new moves. Slack integration ensures reps see updates without searching.","CRM opportunity-linked alerts (when a deal involves a specific competitor, auto-surface the latest intel for that competitor directly in the deal view)","The real cost of stale intel isn't the PMM's time — it's the lost deal. When a rep walks into a call not knowing the competitor just launched an integration, they lose credibility instantly. Auto-updating battlecards + real-time event alerts prevent this entirely."
"15","AriseGTM","arisegtm.com","https://arisegtm.com/blog/competitive-intelligence-automation-2026-playbook","No centralized place for CI. One update in a newsletter, another in a press release, another on their pricing page. Intel is scattered across Slack, Notion, spreadsheets.","8","Yes","MiAmar IS the central source of truth — one dashboard with market overview, event feed, competitor cards, battlecards, prospect cards, and product tracking. All in one workspace, all auto-updated.","Ability to manually add intel snippets from sales calls or customer conversations (field intelligence) alongside the automated monitoring data","The #1 reason CI programs fail is fragmentation. A Slack channel here, a Google Doc there, a Notion page nobody maintains. The fix is a single workspace that auto-populates from monitoring data — not another place to manually dump information."
"16","CI Alliance/Contify","competitiveintelligencealliance.io","https://www.competitiveintelligencealliance.io/the-state-of-ci-report/","PMMs become data janitors — 78.6% are responsible for CI at their company. Bulk of time spent finding data, not analyzing it.","8","Yes","MiAmar automates the data collection entirely. AI monitors, classifies, and summarizes competitive signals daily. The PMM's role shifts from find the data to decide what to do with it. Weekly newsletter provides pre-analyzed summaries.","AI-generated strategic recommendations (not just here is what happened but here is what this means for your positioning and what you should do about it)","The PMM job description says competitive strategy. The reality is 80% data collection, 20% strategy. Flip that ratio with automated monitoring and AI summarization. Your time should go to positioning decisions, not copying from LinkedIn into a spreadsheet."
"17","Signal Labs/Contify","usesignallabs.com","https://usesignallabs.com/blog/sales-enablement-battlecards-real-time-competitive-intelligence","Teams miss competitor funding, product launches, partnerships, hiring signals. Find out from LinkedIn posts that went viral, or worse — on a sales call.","9","Yes","MiAmar monitors all these signal types automatically: LinkedIn posts and profiles, news and press, funding rounds, and job postings. AI classifies events by type (product launches, funding, hires, partnerships) with key takeaway extraction.","Website change detection (monitoring competitor pricing pages, feature pages, and changelog for updates)","Learning about a competitor's Series B from your prospect is embarrassing. Learning about it 2 hours after it happens from your automated CI feed is a competitive advantage. The difference is monitoring infrastructure — LinkedIn activity, news, job postings, and funding data, all classified by AI."
"18","Medium (Playwise)","medium.com/playwise-hq","https://medium.com/playwise-hq/the-ideal-cadence-for-updating-sales-battlecards-c34c6b1f6af7","Once a rep gets burned by stale intel in front of a customer, they stop trusting ALL battlecards permanently. 65% of sales content goes unused.","9","Yes","MiAmar battlecards show Last updated dates and are refreshed daily from live data. The trust problem disappears when reps see current information every time. Recent competitive moves are highlighted at the top.","Usage analytics (show PMMs which cards reps actually open, which sections they read, and which competitors come up most — proves value and guides content focus)","Trust in CI is binary — once broken, it's nearly impossible to rebuild. The only fix is cards that are ALWAYS current. Self-updating battlecards with visible last updated: today timestamps rebuild trust because reps verify accuracy on every use."
"19","Blog (Kris Carter, PMM)","blog.segment8.com","https://blog.segment8.com/posts/competitive-intelligence-tools-klue-crayon-manual/","Klue increased workload to 12 hrs/week (was 8 manually). Salesforce integration slow. 40+ card options overwhelmed reps. Reps said easier to just ask you in Slack.","10","Yes","MiAmar's approach: fewer, better cards that auto-update. Slack integration meets reps where they are. AI meeting prep generates focused briefs for specific calls instead of forcing reps to navigate 40+ generic cards.","Smart search / ask-a-question interface (let reps type what is Competitor X pricing and get an instant AI answer instead of navigating cards)","The Klue paradox: more intel does not equal better outcomes. When reps face 40+ cards and a slow SFDC integration, they default to Slack-pinging the PMM. The answer is less content, better delivered. Focused AI meeting briefs + Slack delivery beats a comprehensive portal nobody uses."
"20","Singlegrain","singlegrain.com","https://www.singlegrain.com/search-everywhere-optimization/the-complete-reddit-competitive-analysis-guide-for-marketers/","Manual competitive analysis means combing through websites, analyst commentary, product pages, content libraries and even Reddit threads. Messy, manual, hours of bleary-eyed tab-switching.","8","Yes","MiAmar consolidates all this into one automated feed. Instead of 15 browser tabs, you get one dashboard with AI-prioritized signals, event intelligence, and competitor profiles — all auto-updated daily.","Browser extension that captures competitive intel while browsing (clip a competitor pricing page or product announcement directly into MiAmar)","The 15-tab workflow is a symptom of not having a centralized monitoring tool. When LinkedIn, news, job boards, and company websites are all monitored automatically and AI extracts the key signals, your competitive research session becomes a 10-minute daily scan instead of a 3-hour deep dive."
"21","Signal Labs + Medium","usesignallabs.com","https://usesignallabs.com/blog/sales-enablement-battlecards-real-time-competitive-intelligence","Single battlecard takes 20-40 hours to build. Maintaining 5 competitors quarterly = 150-300 hours/year — a part-time job.","9","Yes","MiAmar generates battlecards automatically from monitored data. Competitor cards include overview, recent moves, strengths analysis, and your advantages — all AI-generated and continuously updated. Zero manual build time.","Bulk competitor import (upload a list of 20+ competitors and auto-generate all cards at once, instead of adding one by one)","20-40 hours per battlecard is the manual price. With AI generation from monitored data, the build phase drops to minutes and the maintain phase drops to zero. The 150-300 hours/year goes back to actual PMM strategy work."
"22","Crayon 2025 State of CI","crayon.co","https://www.crayon.co/state-of-competitive-intelligence","52% of compete programs have no sales executive sponsor. Sellers rate CI-readiness 3.8/10. CI is under-resourced and disconnected from revenue.","7","Maybe","MiAmar's weekly newsletter and Slack integration bring CI directly to sales without requiring executive sponsorship. Low friction adoption — no training needed, intel shows up where teams already work.","Executive dashboard / CI program scorecard (show leadership metrics like competitor moves detected this month and reps using intel before calls to build internal sponsorship)","The sponsorship problem is a chicken-and-egg: leadership won't invest in CI because they can't see ROI, and CI can't show ROI without investment. Break the cycle with a low-cost tool that delivers value immediately — then use the results to justify executive buy-in."
