"#","Platform","Subreddit","Post Title","Source URL","Core Complaint / Pain Point","Urgency (1-10)","Willingness to Pay","How MiAmar Helps","What MiAmar Is Missing","Suggested Response"
"1","Reddit","r/ProductMarketing","Recommended competitive intelligence tools?","https://www.reddit.com/r/ProductMarketing/comments/1jgihqt/recommended_competitive_intelligence_tools/","New PMM at B2B enterprise company — zero competitive monitoring in place. Needs to build battlecards, messaging, and sales enablement from scratch. Found Klue but unsure if it's just good marketing. Manually going through every competitor is unsustainable.","9","Yes","MiAmar does exactly this — add competitors by LinkedIn URL, get auto-generated battlecards, competitor cards, event intelligence, and sales enablement content. No manual monitoring needed. Daily refresh.","Comparison page vs Klue on the website (side-by-side showing MiAmar's auto-generation vs Klue's manual curation model)","I was in the same spot — new PMM, no CI process, drowning in manual competitor research. I tried Klue but found it still requires a lot of manual input to maintain. I ended up using MiAmar (miamar.io) — you add competitors by LinkedIn URL and it auto-generates battlecards, tracks events, and refreshes daily. Way less overhead for a one-person PMM team. Happy to share more if helpful."
"2","Reddit","r/ProductMarketing","How do you all *actually* do competitive intelligence?","https://www.reddit.com/r/ProductMarketing/comments/1j7sp1s/how_do_you_all_actually_do_competitive/","PMM asking the community what they actually do for CI and what the biggest time sink is. Implies current process is painful and time-consuming.","8","Maybe","MiAmar automates the biggest time sinks: monitoring LinkedIn, news, funding, job postings. AI classifies events and generates summaries. Weekly newsletter digest replaces hours of manual scanning.","Community benchmarks (show what a typical CI workflow looks like with MiAmar vs without — time comparison)","Biggest time sink for me was always the monitoring — checking LinkedIn, news, job boards for every competitor, every week. Took 6-8 hours. I switched to an automated tool that monitors all of this daily and sends me a weekly digest. Time dropped to ~30 min of review. The key is automating the data collection so you can focus on analysis."
"3","Reddit","r/ProductMarketing","Competitive Intelligence Tools for SMBs","https://www.reddit.com/r/ProductMarketing/comments/1h4eicy/competitive_intelligence_tools_for_smbs/","SMB looking for CI tools — implies enterprise tools like Klue/Crayon are out of budget. Needs something affordable and right-sized.","9","Yes","MiAmar is purpose-built for this gap — full CI platform (battlecards, events, prospect cards, integrations) at a fraction of Klue/Crayon pricing. No dedicated CI team needed.","Public pricing page with clear SMB-friendly tier (biggest differentiator vs enterprise-only competitors)","This is the exact gap in the market — Klue and Crayon are $20K-$40K/year which makes no sense for SMBs. MiAmar (miamar.io) is built for PMMs at companies that need CI but can't justify enterprise pricing. Auto-generated battlecards, event monitoring, Slack/HubSpot integrations. Worth a look."
"4","Reddit","r/ProductMarketing","Competitive intel beyond 'search online'","https://www.reddit.com/r/ProductMarketing/comments/1ed2w6l/competitive_intel_beyond_search_online/","First-time PMM exhausted all public sources (websites, traffic analysis, news, press releases, earnings calls). Competitors are B2B-only so can't see their platform. Hired freelancers on Upwork — waste of money. No budget for Gartner reports. Feels completely stuck.","10","Yes","MiAmar monitors signals that reveal B2B competitor strategy: LinkedIn posts (positioning), job postings (roadmap clues), funding (growth stage), news (partnerships). Even inaccessible competitors emit these signals.","Glassdoor/Indeed job posting analysis (extract strategic signals from competitor hiring patterns — e.g. hiring 5 ML engineers = building AI features)","I felt this exact frustration. For B2B competitors you can't demo, the hidden gold is in their public signals: LinkedIn posts reveal messaging changes, job postings reveal roadmap priorities (hiring ML engineers = building AI), funding rounds reveal growth stage, and news reveals partnerships. I use a tool that monitors all of these automatically and surfaces the signals. DM me if you want details."
"5","Reddit","r/ProductMarketing","Competitive Intelligence Software (Crayon challenges)","https://www.reddit.com/r/ProductMarketing/comments/1cdv9a5/competitive_intelligence_software/","Current Crayon user experiencing challenges with the Insights feature and difficulty filtering through all the content. Looking for alternatives — Crayon is too noisy.","9","Yes","MiAmar takes the opposite approach — AI does the filtering. Generates focused battlecards, classifies events by type, delivers a curated weekly newsletter. Less noise, more signal.","Import/migration from Crayon (let churners bring their competitor list and get started instantly)","I had the same Crayon experience — the tool collects everything but the filtering and Insights feature made it feel like searching for a needle in a haystack. I switched to a tool that takes the opposite approach: AI monitors and classifies the signals, then generates battlecards and summaries automatically. Way less noise. Happy to share what I'm using."
"6","Reddit","r/ProductMarketing","How do you stay on top of competitive intelligence as a PMM?","https://www.reddit.com/r/ProductMarketing/comments/1k6ksje/how_do_you_stay_on_top_of_competitive/","PMM struggling to stay on top of CI — implies volume and frequency of monitoring is overwhelming.","8","Maybe","MiAmar handles staying-on-top automatically — daily monitoring, weekly newsletter digest. You never fall behind because the tool does the watching for you.","Customizable alert thresholds (choose which event types trigger immediate notifications vs weekly digest)","The honest answer: you can't stay on top of it manually at scale. I tracked 8 competitors and it was 6+ hours/week just scanning LinkedIn and news. The game-changer was automating the monitoring — a tool that watches everything daily and sends me a curated digest. I review it in 15 minutes over coffee. The key is letting AI handle data collection so you focus on what it means."
"7","Reddit","r/ProductMarketing","How to Efficiently Search for Competitors and Stay Ahead","https://www.reddit.com/r/ProductMarketing/comments/1g9c3oj/how_to_efficiently_search_for_competitors_and/","Startup/SME struggling with competitor discovery and ongoing monitoring. Recognizes that identifying competitors early is crucial but the process is inefficient.","7","Maybe","MiAmar makes monitoring seamless — paste a LinkedIn URL or company name and monitoring starts immediately. Dashboard shows your entire competitive landscape at a glance.","Competitor discovery feature (suggest potential competitors based on your industry, not just monitor ones you already know)","For startups, the challenge is two-fold: finding competitors you don't know about yet, and then monitoring them consistently. For the monitoring part, I use a tool that auto-tracks LinkedIn activity, news, funding, and job postings for every company I add. Setup took 2 minutes and now I get a weekly competitive digest automatically."
"8","Reddit","r/ProductMarketing","Looking for competitive intelligence tools","https://www.reddit.com/r/ProductMarketing/comments/1g5oq7a/looking_for_competitive_intelligence_tools/","PMM actively in the market for CI tools — direct buying signal.","9","Yes","MiAmar is a full CI platform: auto-generated battlecards, event intelligence, prospect cards, product tracking, weekly newsletter, Slack/HubSpot/Monday.com integrations. Purpose-built for PMMs.","Free trial or freemium tier (let PMMs try with 2-3 competitors before committing)","Hey — check out MiAmar (miamar.io). It monitors LinkedIn posts, profiles, news, funding, and job postings for every competitor you add. Auto-generates battlecards with elevator pitch, objection handling, and why-we-win. Also has event intelligence, prospect cards, and Slack integration. Built specifically for PMMs. Happy to answer questions."
"9","Reddit","r/ProductMarketing","Enterprise PMK techstack — what do you use?","https://www.reddit.com/r/ProductMarketing/comments/1e9p044/what_is_your_enterprise_pmk_techstack_to_manage/","Enterprise PMM listing massive tech stack (Crayon, SFDC, ZoomInfo, 6sense, Gong, etc.). Team handles GTM, research, positioning, competitive landscape, personas. Feels overloaded — asks if their workload is normal or if they're getting shafted.","7","Yes","MiAmar consolidates Crayon + manual battlecard creation + manual monitoring into one auto-updating platform. Fewer tools, less manual work.","API/data export to Snowflake/BI tools (enterprise teams want CI data in their analytics stack)","Your stack is impressive but also tells me your team is drowning in tool sprawl. For the CI piece specifically, I've seen teams replace Crayon + manual battlecard creation + manual monitoring with a single platform that auto-generates everything from daily monitoring data. Fewer tools, less manual work, same or better output."
"10","Reddit","r/ProductManagement","How important is Competitive Intelligence in your role?","https://www.reddit.com/r/ProductManagement/comments/1j87rvx/how_important_is_competitive_intelligence_in_your/","PM asking who gathers CI and whether it's a respected source for product discovery. Implies CI is ad-hoc and undervalued in their org.","7","Maybe","MiAmar makes CI accessible to PMs — no dedicated team needed. Auto-generated competitor cards, product tracking, weekly newsletter keeps the product org informed.","Product-focused views (feature comparison matrices, changelog tracking — PM-specific rather than PMM-specific)","In most orgs, CI falls to whoever cares enough to do it — usually a PMM or PM with no dedicated tools. Without automation, it's too time-consuming to be systematic. I use a tool that monitors competitors automatically and delivers a weekly digest. Makes CI a 15-minute habit instead of a multi-hour research project."
"11","Reddit","r/ProductManagement","Competitive Analysis on Inaccessible Products","https://www.reddit.com/r/ProductManagement/comments/1hdgnis/competitive_analysis_on_inaccessible_products/","PM struggling to analyze legacy enterprise competitors with no online presence, no trials, sales-demo-only access. Can't see the product. Needs to find where competitors fall short.","8","Yes","MiAmar monitors publicly available signals even legacy companies emit: LinkedIn posts, job postings (tech stack and roadmap clues), news, funding. Even closed B2B products have public hiring and marketing activity.","Win/loss interview integration (capture intel from prospects who evaluated the competitor during a sales cycle)","For inaccessible products, the best intel comes from indirect signals: job postings reveal tech stack and priorities, LinkedIn posts reveal positioning, news reveals partnerships and deals. Also — talk to your sales team. Prospects who evaluated the competitor during a deal cycle are the best source of product intel. I use automated monitoring to catch the public signals."
"12","Reddit","r/ProductManagement","Competitive intelligence — what tools and strategies?","https://www.reddit.com/r/ProductManagement/comments/1g3edv4/competitive_intelligence/","PM asking for tools and strategies to monitor competitor features. Wants to know what competitors are building.","8","Yes","MiAmar's product intelligence tracks competitors over time — change history, version monitoring, events linked to product updates. LinkedIn and news monitoring catches launch announcements.","Feature-level tracking (auto-detect new features from competitor changelogs and release notes)","For tracking competitor features, I combine automated monitoring (LinkedIn posts, news, job postings) which catches 80% of moves with periodic manual review of product pages. The automated part is key — it catches things you'd otherwise miss. I use MiAmar for this."
"13","Reddit","r/ProductManagement","Is there a SaaS that does CI automatically?","https://www.reddit.com/r/ProductManagement/comments/1d6lkjj/is_there_a_saas_platform_that_do_competitive/","PM directly asking if automated CI SaaS exists. Perfect buying signal — wants full automation.","9","Yes","MiAmar is literally this — add companies, monitoring starts automatically. AI generates battlecards, classifies events, creates prospect cards, sends weekly newsletters. No manual curation.","Lean into 'set it and forget it' messaging on the website — this is exactly what people are searching for","Yes! MiAmar (miamar.io) does exactly this. Add competitors by LinkedIn URL or company name — monitoring starts immediately. AI generates battlecards, classifies events by type (product launches, funding, hires, partnerships), and sends a weekly intelligence newsletter. No manual input needed after setup."
"14","Reddit","r/ProductManagement","Storing competitive intelligence?","https://www.reddit.com/r/ProductManagement/comments/17vueo3/storing_competitive_intelligence/","PM overwhelmed by CI scattered across Confluence, PPT decks, Miro boards, PDFs, Excel sheets, screen captures, email, OneDrive. Just took over new product. Wants to avoid yet another Confluence space.","9","Yes","MiAmar IS the centralized CI store — one workspace with competitor cards, battlecards, event feed, prospect cards, product tracking. All auto-generated and auto-updated.","Import existing CI (let users upload battlecard PDFs or spreadsheets and merge with auto-generated content)","I've been exactly here — CI scattered across 6 different tools and formats, none current. The answer isn't another Confluence space. You need a dedicated CI platform that auto-populates from monitoring data. Everything lives there, everything stays current. I use one that tracks competitors automatically and generates battlecards, timelines, and profiles in one place. DM me for the name."
"15","Reddit","r/ProductManagement","Go-to tools for CI gathering? (Klue data goes stale)","https://www.reddit.com/r/ProductManagement/comments/16sxk61/what_are_your_go_to_tools_and_techniques_for/","PM at startup tried Klue — found it relies on human input and data becomes outdated very quickly. CRM qualitative data is hit or miss. Looking for something that actually stays current without manual feeding.","10","Yes","MiAmar addresses the exact Klue complaint — no human input needed. AI monitors automatically. Battlecards auto-update daily. No stale data problem.","CRM enrichment (push competitive signals back into HubSpot/SFDC deals automatically)","I had the same Klue experience — it's basically a storage system that still requires you to manually feed it intel, and the data goes stale fast. The tools that actually work are the ones that monitor competitor signals automatically and generate output without human input. That's the fundamental difference. Happy to share what I switched to."
"16","Reddit","r/ProductManagement","How do you do your competitive intelligence?","https://www.reddit.com/r/ProductManagement/comments/16h6rxv/how_do_you_do_your_competitive_intelligence/","New PM asking how to analyze competitive landscape — not just features but market positioning. Wants a scalable, up-to-date approach.","7","Maybe","MiAmar provides market-level view (dashboard), company-level view (competitor cards), and keeps everything updated daily without manual effort.","Market positioning map (visual quadrant showing where competitors sit — auto-generated Gartner-style)","Start with 3-5 key competitors, not 20. Monitor their LinkedIn posts (reveals messaging), job postings (reveals roadmap), news (reveals partnerships and funding). Use an automated tool to track these signals — manual monitoring doesn't scale. For positioning, map competitors on two axes that matter to your customers."
"17","Reddit","r/sales","What tools to keep track of competitors? (Static battlecards not cutting it)","https://www.reddit.com/r/sales/comments/16dg2u7/what_tools_do_you_use_to_keep_track_of_competitors/","Sales rep at publicly traded company for 5+ years. Static outdated battlecards in Seismic aren't cutting it. Wants pricing, new products, customer reviews tracking with Salesforce integration.","9","Yes","MiAmar auto-generates and auto-updates battlecards with elevator pitch, why-we-win, objection handling, recent moves. Slack integration pushes intel to reps.","Salesforce integration (this rep specifically asked for SF — recurring enterprise need)","Static battlecards in a knowledge base are useless after a month. Auto-updating battlecards that pull from daily competitor monitoring changed everything for me. The card always reflects the latest moves, pricing changes, and launches. No manual updates. The tool I use integrates with Slack so reps get updates pushed to them. DM me for the name."
"18","Reddit","r/sales","Competitor Intel Tools (static battlecards failing)","https://www.reddit.com/r/sales/comments/16cyvax/competitor_intel_tools/","Same rep — cross-posted. Static Seismic battlecards aren't cutting it. Actively searching for better competitive intel with SF integration.","9","Yes","MiAmar's auto-updating battlecards solve the core complaint. Event intelligence catches competitor moves as they happen.","Salesforce embedded widget (surface battlecard inside SF opportunity view based on tagged competitor)","The fact that you posted this twice tells me the pain is real. Static battlecards die the moment they're published. The solution is battlecards that update themselves — connected to live monitoring of competitor LinkedIn, news, and product activity. I switched from static Seismic cards to auto-generated ones and the sales team actually uses them now."
"19","Reddit","r/sales","How do you track/talk about competitors in sales cycles?","https://www.reddit.com/r/sales/comments/xonib2/how_do_you_tracktalk_about_competitors/","Exploring whether reps use battlecards during competitive cycles and if CI is continuous or only at QBRs. Implies most teams treat CI as an afterthought.","7","Maybe","MiAmar makes CI continuous by default — daily monitoring, weekly newsletters, Slack delivery. Not a quarterly exercise. Reps always have current intel.","QBR-ready competitive summary (auto-generate quarterly review deck with key moves, win/loss trends, market shifts)","Best-performing sales teams treat CI as continuous, not quarterly. The problem is continuous CI is impossible manually. Automated monitoring that feeds always-current battlecards is the fix. When a competitor launches something Tuesday, your battlecard reflects it by Wednesday. That's when CI actually helps close deals."
"20","Reddit","r/ProductManagement","Is competitive intelligence valuable for you?","https://www.reddit.com/r/ProductManagement/comments/191qaky/is_competitive_intelligence_valuable_for_you/","PM arguing CI identifies market direction beyond customer feedback. Trying to justify CI investment internally.","6","Maybe","MiAmar provides evidence to make this case — market dashboard showing signal volume, activity trends, event classification. Weekly newsletter demonstrates ongoing value to stakeholders.","Executive ROI report (auto-generated monthly showing competitor moves detected, battlecards updated, events classified — helps internal champions justify the tool)","CI is incredibly valuable but hard to prove until you have it. Best approach: set up automated monitoring, run 30 days, show leadership signals they missed. 'Competitor X raised Series B, Y launched an integration, Z is hiring 5 ML engineers' — impossible to get from customer feedback alone. That's how you build the internal case."
"21","Reddit","r/ProductMarketing","Anyone using AI for competitive analysis?","https://www.reddit.com/r/ProductMarketing/comments/1iyybpn/anyone_using_ai_for_competitive_analysis/","PMM tested ChatGPT and Google NotebookLM for competitive analysis. ChatGPT gave 'ok output' but nothing actionable. NotebookLM was better but required tedious manual data entry — feeding it docs one by one. Looking for something that actually works end-to-end.","8","Yes","MiAmar IS the AI-powered CI tool they're looking for — no manual data entry. Add competitors by LinkedIn URL, AI monitors and generates battlecards, event summaries, and prospect cards automatically. No copy-pasting docs into ChatGPT.","ChatGPT/LLM comparison page (show how MiAmar's purpose-built AI differs from generic LLMs for CI — structured output vs. hallucination-prone summaries)","I tried the same ChatGPT approach — paste competitor website, ask for analysis. Output was generic and often wrong. The issue is generic AI doesn't have live data. I switched to a purpose-built CI tool that monitors competitors daily and feeds real data into AI-generated battlecards. Night and day difference vs. prompting ChatGPT manually."
"22","Reddit","r/ProductMarketing","Tools for technical competitive analysis","https://www.reddit.com/r/ProductMarketing/comments/1hz0qqi/tools_for_technical_competitive_analysis/","PMM doing technical competitive analysis — reviewing competitor docs, API specs, architecture. Manual review is extremely time-consuming. Tried AI tools but found answers 'often just plain wrong' for technical content. Needs something reliable.","8","Yes","MiAmar monitors the signals around technical moves — job postings reveal tech stack (hiring Kubernetes engineers = cloud migration), LinkedIn posts reveal product launches, news reveals partnerships. Complements deep technical review with automated signal detection.","Technical documentation monitoring (auto-detect changes to competitor API docs, developer portals, and changelog pages)","For technical CI, I split the work: automated tools handle the signal detection (job postings reveal tech stack, LinkedIn catches launch announcements, news catches partnerships) and I do the deep technical review manually on the most important competitors. Trying to fully automate the technical analysis with AI isn't reliable yet — but automating the monitoring layer saves 80% of the time."
"23","Reddit","r/ProductMarketing","How to perform market research and competitive analysis effectively?","https://www.reddit.com/r/ProductMarketing/comments/1fc54bh/how_to_perform_market_research_and_competitive/","PMM feeling 'bogged down and frustrated' by competitive analysis. Tried AI tools but got hallucinations and inaccurate data. Manual process is overwhelming. Doesn't know where to start or how to make it systematic.","9","Yes","MiAmar provides the systematic framework this PMM needs — add competitors, get auto-generated competitor cards with verified public data (LinkedIn, news, funding, job postings). No hallucinations because it's based on real monitored data, not LLM guesses.","Guided competitive analysis framework (step-by-step onboarding that walks new PMMs through setting up their first competitive landscape — competitor selection, key metrics, positioning dimensions)","The frustration is real — competitive analysis without a system is just endless Googling. Here's what worked for me: 1) Pick your top 5 competitors. 2) Set up automated monitoring for their LinkedIn, news, and job postings. 3) Review the weekly digest in 15 min. 4) Deep-dive one competitor per month. The automation makes it sustainable instead of overwhelming."
"24","Reddit","r/ProductMarketing","PMM interview assignment — competitive intel resources?","https://www.reddit.com/r/ProductMarketing/comments/1crjjmp/pmm_interview_assignment_competitive_intel/","PMM candidate needs to do competitive intel for an interview assignment but can't access Klue or Crayon (no free trials, enterprise pricing only). Stuck with manual research and doesn't know where to find competitive data efficiently.","7","Yes","MiAmar could offer a free trial or freemium tier that solves this exact problem — let PMMs try the platform with 2-3 competitors before committing. Even the interview candidate would become a future champion when they land the job.","Free trial or freemium tier (this is a recurring theme — PMMs can't try enterprise CI tools before buying, which blocks adoption and word-of-mouth)","For interview assignments, here's my free CI stack: LinkedIn company pages (positioning + recent moves), job postings (roadmap signals), Crunchbase (funding), G2/Capterra (customer sentiment), and Google News alerts. It's manual but covers the basics. Once you're in the role, push for a proper CI tool — the manual approach doesn't scale past the first month."
"25","Reddit","r/ProductMarketing","Compete Intel: how do you gather your intels?","https://www.reddit.com/r/ProductMarketing/comments/1bavvj9/compete_intel_how_do_you_gather_your_intels/","PMM whose director wants them to spend 4 hours/day monitoring competitor news — but only gathering, no analysis. Pure data collection drudgery. Feels like a waste of PMM talent and time.","10","Yes","MiAmar eliminates the data collection entirely — AI monitors LinkedIn, news, funding, and job postings 24/7. The PMM's 4 hours/day of monitoring drops to a 15-minute daily digest review. Director gets more coverage with zero PMM drudgery.","Customizable daily briefing for leadership (auto-generate a daily or weekly executive summary so the director gets what they want without burning PMM time)","4 hours/day of manual monitoring is not a CI strategy — it's a data entry job. Automate the collection layer entirely and spend that time on analysis, positioning, and enablement. There are tools that monitor competitor LinkedIn, news, funding, and job postings automatically and deliver a daily digest. Your director gets better coverage and you get your time back."
"26","Reddit","r/ProductMarketing","About to turn down interview — wild list of responsibilities","https://www.reddit.com/r/ProductMarketing/comments/1hwmylh/about_to_turn_down_interview_wild_list_of/","Head of PMM role expects one person to handle competitive analysis, demand gen, analyst relations, content strategy, sales enablement, and product launches solo. Competitive analysis is just one of many impossible demands on an overstretched PMM.","8","Maybe","MiAmar makes the competitive analysis piece near-zero effort — automated monitoring and battlecard generation means the solo PMM can check the CI box without dedicating hours to it. One less thing on the impossible list.","Solo PMM playbook (show how a single PMM can run a full CI program in <2 hrs/week with MiAmar — case study or template)","The job description is a red flag, but if you take it — automate everything you can. Competitive intel is the easiest to automate: set up monitoring tools, let AI generate battlecards, review a weekly digest. That alone saves 5-8 hrs/week you can redirect to the other 6 responsibilities they're piling on you."
"27","Reddit","r/ProductMarketing","What are your favorite product marketing tools?","https://www.reddit.com/r/ProductMarketing/comments/1caj85z/what_are_your_favorite_product_marketing_tools/","PMM community sharing their tech stack. Klue and Crayon mentioned as the default CI tools. Implies the market is consolidated around these two options with no awareness of alternatives.","6","Maybe","MiAmar needs to be part of this conversation — every time PMMs discuss CI tools, only Klue and Crayon get mentioned. Community awareness and word-of-mouth are critical for breaking into the consideration set.","Community presence and awareness (get mentioned in PMM tool roundups, create comparison content, build social proof through PMM community engagement)","For CI specifically, I've been using a newer tool called MiAmar (miamar.io) instead of Klue/Crayon. Auto-generates battlecards from daily monitoring data, way less manual overhead, and priced for teams that aren't enterprise-scale. Worth adding to the evaluation list alongside the usual suspects."
